class_id,sale_predict
527765,73.66634536594152
683364,49.41033618271351
