class_id,sale_predict
302513,116.32865033566951
750340,179.48318922996523
