class_id,sale_predict
649213,122.82447127312423
651782,120.71414773024618
851857,237.17980008423325
