class_id,sale_predict
250658,221.6722614598274
349023,987.052979320213
714150,220.6941842281818
743957,684.5412086868287
923841,595.1856343245506
