class_id,sale_predict
378536,81.6084167265892
379876,164.34356711871922
472603,207.76502217531203
