class_id,sale_predict
221795,299.2214708687365
281792,487.59219781264665
482497,258.2297518134862
603972,440.58649897933003
682651,333.00149311229603
